"_id","ageRange"
"60669148a71ef36fccd42d9b","2-3"
"60669220a71ef36fccd42d9c","4-5"
"60689d333f31a29428dff634","8+"
"6068a89301e69b21c7945776","8+"
"6068c118432952b128bdf24c","4-5"
"606dded3b3024f9378f9190e","8+"
"606ddf62f85e5946bd53e1d6","6-7"
"606ddfbef85e5946bd53e1d7","6-7"
"606de099bc683bf86c6b9a42","4-5"
"606de0b7f85e5946bd53e1d8","8+"
"606de0dcb3024f9378f9190f","1-2"
"606de12dbc683bf86c6b9a43","8+"
"606de132f85e5946bd53e1d9","4-5"
"606de1b8bc683bf86c6b9a44","6-7"
"606de1f8b3024f9378f91910","6-7"
"606de2a5f85e5946bd53e1db","8+"
"606de31df85e5946bd53e1dc","6-7"
"606de38ef85e5946bd53e1dd","8+"
"606de3e0f85e5946bd53e1de","8+"
"606de42bbc683bf86c6b9a49","2-3"
"606de44a76610a0cf8fd3d1e","6-7"
"606de450f85e5946bd53e1df","8+"
"606de4b3bc683bf86c6b9a4a","6-7"
"606e230702da341013e6a2e4","2-3"
"606e24035c0d9a1331fc8994","4-5"
"6070698a756dbf36bcb17425","2-3"
"6071f439327716e5adde2133","8+"
"6077a69a9af53e0edaaa2ccc","6-7"