"_id","toyId"
"6068d03d4139493218638e16","60669220a71ef36fccd42d9c"
"6068d0a809f9b83554a22a3f","60669148a71ef36fccd42d9b"
"606dd12ff12f55f60ad96c9b","6068c118432952b128bdf24c"
"606dd15ef12f55f60ad96c9c","6068a89301e69b21c7945776"
"606dde54b3024f9378f9190d","6068a89301e69b21c7945776"
"606de245bc683bf86c6b9a45","606ddf62f85e5946bd53e1d6"
"606de24dbc683bf86c6b9a46","606ddfbef85e5946bd53e1d7"
"606de25ebc683bf86c6b9a47","60689d333f31a29428dff634"
"606de269bc683bf86c6b9a48","60669148a71ef36fccd42d9b"
"606de4fcbc683bf86c6b9a4b","606de3e0f85e5946bd53e1de"
"606de51ff85e5946bd53e1e0","6068a89301e69b21c7945776"
"606de528f85e5946bd53e1e1","606de132f85e5946bd53e1d9"
"606de53ff85e5946bd53e1e2","606de12dbc683bf86c6b9a43"
"606de543bc683bf86c6b9a4c","606de099bc683bf86c6b9a42"
"606de548bc683bf86c6b9a4d","606de2a5f85e5946bd53e1db"
"606de56cf85e5946bd53e1e3","60689d333f31a29428dff634"
"606de5a0f85e5946bd53e1e4","606ddfbef85e5946bd53e1d7"
"606de5b6f85e5946bd53e1e5","6068a89301e69b21c7945776"
"606de5b6bc683bf86c6b9a4e","606de0dcb3024f9378f9190f"
"606de5bdf85e5946bd53e1e6","606de31df85e5946bd53e1dc"
"606de5c2f85e5946bd53e1e7","606de3e0f85e5946bd53e1de"
"606de5c6f85e5946bd53e1e8","606dded3b3024f9378f9190e"
"606de5d0f85e5946bd53e1e9","606de38ef85e5946bd53e1dd"
"606de5f1f85e5946bd53e1ea","60669148a71ef36fccd42d9b"
"606de5f3f85e5946bd53e1eb","606de099bc683bf86c6b9a42"
"606de5f7f85e5946bd53e1ec","606de0dcb3024f9378f9190f"
"606de5fcf85e5946bd53e1ed","606de42bbc683bf86c6b9a49"
"606deb0cf85e5946bd53e1ee","60689d333f31a29428dff634"
"606df2d6f85e5946bd53e1ef","60669148a71ef36fccd42d9b"
"606df347f85e5946bd53e1f0","60669220a71ef36fccd42d9c"
"60706939756dbf36bcb17424","606ddf62f85e5946bd53e1d6"